Version,Count,NotInV20,Total_Weight,OneWayTurnover
V1,2034,15,0.006955737940679486,0.006955737940679483
V2,1822,27,0.012031349161755158,0.129745244458367
V3,2054,35,0.013536641101395377,0.013536641101395377
