Version;Count;NotInV20;Total_Weight
V1;2034;15;0.006955738
V2;1822;27;0.012031349
V3;2054;35;0.013536641
