Version,Count,NotInV20,Total_Weight
V1,2034,15,0.006955737940679486
V2,1822,27,0.012031349161755158
V3,2054,35,0.013536641101395377
